Timestamp,title,genres
1,The office,comedy
2,Game of thrones,epic
3,Friends,comedy
4,Black mirror,drama
5,the good place,comedy
6,Brooklyn nine nine,comedy
7,the good place,comedy
8,The office,comedy
9,the good place,comedy
10,The office,comedy
11,The office,comedy
12,Game of thrones,epic
13,Game of thrones,epic
14,Friends,comedy
15,Game of thrones,epic
16,Black mirror,drama
17,The office,comedy
18,Game of thrones,epic
19,Game of thrones,epic
20,Black mirror,drama
21,the good place,comedy
22,The office,comedy
